,I,dhsid,year,countries,img_path,labels
0,0,IA-2015-7#-00190003,2015,India,"499392     IA/IA-2015-7#-00190003/488024792611712.jpeg
499338     IA/IA-2015-7#-00190003/364375678317221.jpeg
499354     IA/IA-2015-7#-00190003/211739737093358.jpeg
499324     IA/IA-2015-7#-00190003/490557758957827.jpeg
499340     IA/IA-2015-7#-00190003/214750363408966.jpeg
499309    IA/IA-2015-7#-00190003/2399420866868948.jpeg
499468     IA/IA-2015-7#-00190003/974641560009439.jpeg
499413     IA/IA-2015-7#-00190003/196934685579057.jpeg
499325     IA/IA-2015-7#-00190003/476852096978343.jpeg
499393    IA/IA-2015-7#-00190003/1022660404930892.jpeg
499307    IA/IA-2015-7#-00190003/1213761492372811.jpeg
499414     IA/IA-2015-7#-00190003/141671811258060.jpeg
499382     IA/IA-2015-7#-00190003/809192229718251.jpeg
499315     IA/IA-2015-7#-00190003/942218956567290.jpeg
499445    IA/IA-2015-7#-00190003/2590823154395125.jpeg
499459     IA/IA-2015-7#-00190003/859694227948901.jpeg
499407    IA/IA-2015-7#-00190003/1206711966452009.jpeg
499396     IA/IA-2015-7#-00190003/492195955259854.jpeg
499429    IA/IA-2015-7#-00190003/1241172846285544.jpeg
499322     IA/IA-2015-7#-00190003/485195576005964.jpeg
Name: img_path, dtype: object",0.5326072457789248
1,1,SL-2013-6#-00000120,2013,Sierra Leone,"1013630    SL/SL-2013-6#-00000120/2826123494293234.jpeg
1012338    SL/SL-2013-6#-00000120/1221025241664541.jpeg
1013633    SL/SL-2013-6#-00000120/1218649191928431.jpeg
1013629    SL/SL-2013-6#-00000120/3902710156502814.jpeg
1013634    SL/SL-2013-6#-00000120/3272574196302503.jpeg
1013627    SL/SL-2013-6#-00000120/1365724793813335.jpeg
1013628    SL/SL-2013-6#-00000120/4237227026298187.jpeg
1012341    SL/SL-2013-6#-00000120/1530098817190916.jpeg
1012344    SL/SL-2013-6#-00000120/3034965760064554.jpeg
1013635    SL/SL-2013-6#-00000120/2945972185717609.jpeg
1013626    SL/SL-2013-6#-00000120/1227414124369992.jpeg
1012336    SL/SL-2013-6#-00000120/1935827973247879.jpeg
1012337    SL/SL-2013-6#-00000120/2854265634823767.jpeg
1013632    SL/SL-2013-6#-00000120/1212199002576079.jpeg
1012335    SL/SL-2013-6#-00000120/1850131045155420.jpeg
1013636    SL/SL-2013-6#-00000120/1930173143813323.jpeg
1012339    SL/SL-2013-6#-00000120/3794477147342246.jpeg
1012340    SL/SL-2013-6#-00000120/4092916050802909.jpeg
1012343    SL/SL-2013-6#-00000120/2068486183285826.jpeg
1012345    SL/SL-2013-6#-00000120/3728004900629975.jpeg
Name: img_path, dtype: object",-0.12692588173142988
2,2,KE-2014-7#-00001611,2014,Kenya,"684232     KE/KE-2014-7#-00001611/241895641054599.jpeg
684145    KE/KE-2014-7#-00001611/4000440250044082.jpeg
684188     KE/KE-2014-7#-00001611/473762550507464.jpeg
684165     KE/KE-2014-7#-00001611/471423814166177.jpeg
684200     KE/KE-2014-7#-00001611/469363840948226.jpeg
684168     KE/KE-2014-7#-00001611/305127547677823.jpeg
684172     KE/KE-2014-7#-00001611/475380423802107.jpeg
684206     KE/KE-2014-7#-00001611/979416872862311.jpeg
684197    KE/KE-2014-7#-00001611/1163149417524129.jpeg
684153     KE/KE-2014-7#-00001611/511736583539283.jpeg
684216    KE/KE-2014-7#-00001611/1772197642951672.jpeg
684228     KE/KE-2014-7#-00001611/176493197674241.jpeg
684184     KE/KE-2014-7#-00001611/175702757781800.jpeg
684181     KE/KE-2014-7#-00001611/468021104403545.jpeg
684175     KE/KE-2014-7#-00001611/131220138945309.jpeg
684222     KE/KE-2014-7#-00001611/811430162831069.jpeg
684239     KE/KE-2014-7#-00001611/210235870602514.jpeg
684215     KE/KE-2014-7#-00001611/320513319464780.jpeg
684234     KE/KE-2014-7#-00001611/136172161821898.jpeg
684193     KE/KE-2014-7#-00001611/465690018001632.jpeg
Name: img_path, dtype: object",0.1556891322784229
3,3,SN-2017-7Z-00000220,2017,Senegal,"1026805     SN/SN-2017-7Z-00000220/530392264789095.jpeg
1026839    SN/SN-2017-7Z-00000220/2890076727986453.jpeg
1026749    SN/SN-2017-7Z-00000220/1014616555737442.jpeg
1026857     SN/SN-2017-7Z-00000220/461800221714158.jpeg
1026936     SN/SN-2017-7Z-00000220/468556274433097.jpeg
1026855     SN/SN-2017-7Z-00000220/468575687800592.jpeg
1026786     SN/SN-2017-7Z-00000220/309443130533204.jpeg
1026750     SN/SN-2017-7Z-00000220/294293655562459.jpeg
1026820    SN/SN-2017-7Z-00000220/1190416778076509.jpeg
1026974     SN/SN-2017-7Z-00000220/454559992442850.jpeg
1026753     SN/SN-2017-7Z-00000220/502010037644085.jpeg
1026798     SN/SN-2017-7Z-00000220/217238050209111.jpeg
1026972    SN/SN-2017-7Z-00000220/3609487865821888.jpeg
1026967     SN/SN-2017-7Z-00000220/111683994302487.jpeg
1027001     SN/SN-2017-7Z-00000220/486292375904141.jpeg
1026851    SN/SN-2017-7Z-00000220/1053905405101194.jpeg
1026854     SN/SN-2017-7Z-00000220/466120728002148.jpeg
1026971    SN/SN-2017-7Z-00000220/1234082917045547.jpeg
1026754     SN/SN-2017-7Z-00000220/259878179267078.jpeg
1026896     SN/SN-2017-7Z-00000220/528587628150598.jpeg
Name: img_path, dtype: object",0.3239199274879363
4,4,UG-2016-7Z-00000144,2016,Uganda,"1096156     UG/UG-2016-7Z-00000144/390075542013002.jpeg
1095924     UG/UG-2016-7Z-00000144/482056439810215.jpeg
1095995     UG/UG-2016-7Z-00000144/128777372529380.jpeg
1095902     UG/UG-2016-7Z-00000144/460912475013541.jpeg
1096149     UG/UG-2016-7Z-00000144/310410380459066.jpeg
1096000     UG/UG-2016-7Z-00000144/490050082410017.jpeg
1095904     UG/UG-2016-7Z-00000144/510917096607245.jpeg
1095994     UG/UG-2016-7Z-00000144/209803667312455.jpeg
1095932    UG/UG-2016-7Z-00000144/1137712160024807.jpeg
1096177     UG/UG-2016-7Z-00000144/163092992409035.jpeg
1095934     UG/UG-2016-7Z-00000144/160756342641868.jpeg
1096004     UG/UG-2016-7Z-00000144/612149093517207.jpeg
1096191     UG/UG-2016-7Z-00000144/514756166199322.jpeg
1095989    UG/UG-2016-7Z-00000144/1119395735193825.jpeg
1096002     UG/UG-2016-7Z-00000144/394503749016381.jpeg
1095930     UG/UG-2016-7Z-00000144/506590873700131.jpeg
1096046     UG/UG-2016-7Z-00000144/372621324060593.jpeg
1096166     UG/UG-2016-7Z-00000144/182478483737262.jpeg
1095992    UG/UG-2016-7Z-00000144/1862323907267753.jpeg
1095927     UG/UG-2016-7Z-00000144/294620372226708.jpeg
Name: img_path, dtype: object",0.2502955077590236
5,5,TG-2017-7#-00000082,2017,Togo,"1037594     TG/TG-2017-7#-00000082/521762249203748.jpeg
1037591     TG/TG-2017-7#-00000082/454898039105024.jpeg
1037582     TG/TG-2017-7#-00000082/473882973877759.jpeg
1037585     TG/TG-2017-7#-00000082/312663803568691.jpeg
1037593     TG/TG-2017-7#-00000082/503850164307387.jpeg
1037579     TG/TG-2017-7#-00000082/519351405905977.jpeg
1037571     TG/TG-2017-7#-00000082/157660079641179.jpeg
1037589     TG/TG-2017-7#-00000082/506797404035213.jpeg
1037587     TG/TG-2017-7#-00000082/461619665115911.jpeg
1037601     TG/TG-2017-7#-00000082/805517033703254.jpeg
1037580    TG/TG-2017-7#-00000082/1112064205927495.jpeg
1037572     TG/TG-2017-7#-00000082/964086630998226.jpeg
1037597    TG/TG-2017-7#-00000082/4063284093729152.jpeg
1037592    TG/TG-2017-7#-00000082/2932881463653891.jpeg
1037577     TG/TG-2017-7#-00000082/478827533541809.jpeg
1037596     TG/TG-2017-7#-00000082/340203811007654.jpeg
1037581    TG/TG-2017-7#-00000082/2978220862503748.jpeg
1037588     TG/TG-2017-7#-00000082/136613951745338.jpeg
1037573     TG/TG-2017-7#-00000082/937293173693959.jpeg
1037590     TG/TG-2017-7#-00000082/820574505506143.jpeg
Name: img_path, dtype: object",0.011901206942070459
6,6,NG-2018-7Z-00000928,2018,Nigeria,"842312     NG/NG-2018-7Z-00000928/289342706194093.jpeg
842271    NG/NG-2018-7Z-00000928/1465216713822004.jpeg
842264     NG/NG-2018-7Z-00000928/847826519484997.jpeg
842362     NG/NG-2018-7Z-00000928/788383285134117.jpeg
842270    NG/NG-2018-7Z-00000928/2978665102422528.jpeg
842364     NG/NG-2018-7Z-00000928/481816606385778.jpeg
842284     NG/NG-2018-7Z-00000928/217102333231038.jpeg
842281     NG/NG-2018-7Z-00000928/346669810126244.jpeg
842283    NG/NG-2018-7Z-00000928/1497866093882826.jpeg
842269    NG/NG-2018-7Z-00000928/2290698384408187.jpeg
842354     NG/NG-2018-7Z-00000928/325907748948750.jpeg
842263     NG/NG-2018-7Z-00000928/492037828585602.jpeg
842258     NG/NG-2018-7Z-00000928/522310178798650.jpeg
842282     NG/NG-2018-7Z-00000928/463319531566333.jpeg
842368    NG/NG-2018-7Z-00000928/2017863371694817.jpeg
842276     NG/NG-2018-7Z-00000928/519204545924624.jpeg
842290     NG/NG-2018-7Z-00000928/252338310006924.jpeg
842323     NG/NG-2018-7Z-00000928/140716444650533.jpeg
842316     NG/NG-2018-7Z-00000928/243244164219705.jpeg
842319     NG/NG-2018-7Z-00000928/977998959675752.jpeg
Name: img_path, dtype: object",0.26467017349910327
7,7,SL-2013-6#-00000396,2013,Sierra Leone,"999387    SL/SL-2013-6#-00000396/2860391320868081.jpeg
999397     SL/SL-2013-6#-00000396/894668304708036.jpeg
999388    SL/SL-2013-6#-00000396/1845089298989649.jpeg
982752    SL/SL-2013-6#-00000396/3952568304850305.jpeg
982750    SL/SL-2013-6#-00000396/1611234819066303.jpeg
999391    SL/SL-2013-6#-00000396/1431009763898624.jpeg
982769     SL/SL-2013-6#-00000396/923490615109488.jpeg
982748    SL/SL-2013-6#-00000396/1324017237992624.jpeg
999403     SL/SL-2013-6#-00000396/866820150714991.jpeg
999378    SL/SL-2013-6#-00000396/1860975137414302.jpeg
999394     SL/SL-2013-6#-00000396/954431448643634.jpeg
982753    SL/SL-2013-6#-00000396/4034331673327173.jpeg
982767     SL/SL-2013-6#-00000396/945818572898006.jpeg
982770     SL/SL-2013-6#-00000396/936133753817179.jpeg
999386     SL/SL-2013-6#-00000396/816020135690337.jpeg
982756    SL/SL-2013-6#-00000396/2953254848253755.jpeg
999395    SL/SL-2013-6#-00000396/1029540794244978.jpeg
982766     SL/SL-2013-6#-00000396/894011854494947.jpeg
982759     SL/SL-2013-6#-00000396/805755860066053.jpeg
982751    SL/SL-2013-6#-00000396/3968112219954135.jpeg
Name: img_path, dtype: object",0.36430451402799624
8,8,LS-2014-7#-00000400,2014,Lesotho,"772474    LS/LS-2014-7#-00000400/3881738861921964.jpeg
772441    LS/LS-2014-7#-00000400/1897693357063573.jpeg
772477    LS/LS-2014-7#-00000400/1295435544242322.jpeg
772466    LS/LS-2014-7#-00000400/3745236582252222.jpeg
772445    LS/LS-2014-7#-00000400/2761865184074196.jpeg
772475    LS/LS-2014-7#-00000400/1409085639452359.jpeg
772463    LS/LS-2014-7#-00000400/3807056749411699.jpeg
772458    LS/LS-2014-7#-00000400/3906451566113184.jpeg
772435    LS/LS-2014-7#-00000400/2563336970642807.jpeg
772460    LS/LS-2014-7#-00000400/4123547881046496.jpeg
772448    LS/LS-2014-7#-00000400/3011183865873648.jpeg
772428    LS/LS-2014-7#-00000400/1448788788786086.jpeg
772478    LS/LS-2014-7#-00000400/1187958434986879.jpeg
772439    LS/LS-2014-7#-00000400/1758292547706396.jpeg
772459    LS/LS-2014-7#-00000400/4038064126284757.jpeg
772438    LS/LS-2014-7#-00000400/3917539001663110.jpeg
772469    LS/LS-2014-7#-00000400/1366661353720161.jpeg
772465    LS/LS-2014-7#-00000400/3456602674660905.jpeg
772437    LS/LS-2014-7#-00000400/1893820550781642.jpeg
772480    LS/LS-2014-7#-00000400/1230685374057684.jpeg
Name: img_path, dtype: object",-0.2140834353787326
9,9,PK-2017-7#-00000309,2017,Pakistan,"941599    PK/PK-2017-7#-00000309/4024451914288801.jpeg
941634    PK/PK-2017-7#-00000309/1431697860512534.jpeg
941578    PK/PK-2017-7#-00000309/4432583386769818.jpeg
951241    PK/PK-2017-7#-00000309/2888058504792688.jpeg
941614    PK/PK-2017-7#-00000309/3968443186577181.jpeg
951221    PK/PK-2017-7#-00000309/1430576337288161.jpeg
941649    PK/PK-2017-7#-00000309/1971951086290928.jpeg
941583    PK/PK-2017-7#-00000309/1972549366229656.jpeg
951229    PK/PK-2017-7#-00000309/2505971989548635.jpeg
951220    PK/PK-2017-7#-00000309/1199428090488488.jpeg
941639    PK/PK-2017-7#-00000309/1751064261762111.jpeg
951231    PK/PK-2017-7#-00000309/4056029314472987.jpeg
941564    PK/PK-2017-7#-00000309/1431340910540427.jpeg
941560    PK/PK-2017-7#-00000309/1386434191714320.jpeg
941625    PK/PK-2017-7#-00000309/1387644131634622.jpeg
951242    PK/PK-2017-7#-00000309/3700302526733894.jpeg
951258    PK/PK-2017-7#-00000309/3999992016761406.jpeg
951248    PK/PK-2017-7#-00000309/3927035780714723.jpeg
941651    PK/PK-2017-7#-00000309/4162633793759708.jpeg
951227    PK/PK-2017-7#-00000309/1273936633120051.jpeg
Name: img_path, dtype: object",0.5476800098761083
10,10,SN-2015-7Z-00000008,2015,Senegal,"1014982    SN/SN-2015-7Z-00000008/1371054613255593.jpeg
1014997    SN/SN-2015-7Z-00000008/4137075779690267.jpeg
1015021    SN/SN-2015-7Z-00000008/1493455957659061.jpeg
1014975    SN/SN-2015-7Z-00000008/1743818262445504.jpeg
1014974    SN/SN-2015-7Z-00000008/1552604584947207.jpeg
1014996    SN/SN-2015-7Z-00000008/3953280961420356.jpeg
1014994    SN/SN-2015-7Z-00000008/3960547753982528.jpeg
1015020    SN/SN-2015-7Z-00000008/1194764167623467.jpeg
1015006    SN/SN-2015-7Z-00000008/1257227088005695.jpeg
1014967    SN/SN-2015-7Z-00000008/4220422661303478.jpeg
1014991    SN/SN-2015-7Z-00000008/4001784666535571.jpeg
1015007    SN/SN-2015-7Z-00000008/2302982326504251.jpeg
1015004    SN/SN-2015-7Z-00000008/4504397612904363.jpeg
1015022    SN/SN-2015-7Z-00000008/2231569626979908.jpeg
1015000    SN/SN-2015-7Z-00000008/2910420569196700.jpeg
1014989    SN/SN-2015-7Z-00000008/1229727224127355.jpeg
1014981    SN/SN-2015-7Z-00000008/1368504966854192.jpeg
1014971    SN/SN-2015-7Z-00000008/2251840444949511.jpeg
1015028    SN/SN-2015-7Z-00000008/1578263312381155.jpeg
1015009    SN/SN-2015-7Z-00000008/1410183272694313.jpeg
Name: img_path, dtype: object",0.4607859114389001
11,11,PH-2017-7#-00000919,2017,Philippines,"902044     PH/PH-2017-7#-00000919/827017864596354.jpeg
902017     PH/PH-2017-7#-00000919/532604654813510.jpeg
902049     PH/PH-2017-7#-00000919/797623760863311.jpeg
901966     PH/PH-2017-7#-00000919/494408138654198.jpeg
902034     PH/PH-2017-7#-00000919/508229630527459.jpeg
920534     PH/PH-2017-7#-00000919/188182476510941.jpeg
901982     PH/PH-2017-7#-00000919/285974129903200.jpeg
920386     PH/PH-2017-7#-00000919/301088374898070.jpeg
920380     PH/PH-2017-7#-00000919/974313770043921.jpeg
920644    PH/PH-2017-7#-00000919/1410627345996708.jpeg
901924    PH/PH-2017-7#-00000919/1088905824964468.jpeg
920433     PH/PH-2017-7#-00000919/295582592228078.jpeg
902033     PH/PH-2017-7#-00000919/644498816506225.jpeg
920597     PH/PH-2017-7#-00000919/158129722937242.jpeg
920670     PH/PH-2017-7#-00000919/817357315863302.jpeg
901990     PH/PH-2017-7#-00000919/139760131507613.jpeg
920714    PH/PH-2017-7#-00000919/3892232810895546.jpeg
901972     PH/PH-2017-7#-00000919/395322508193171.jpeg
920540     PH/PH-2017-7#-00000919/328321875363563.jpeg
920546     PH/PH-2017-7#-00000919/142434251236621.jpeg
Name: img_path, dtype: object",0.40256641760821055
12,12,NG-2018-7Z-00001373,2018,Nigeria,"839793    NG/NG-2018-7Z-00001373/3903254563061763.jpeg
839834    NG/NG-2018-7Z-00001373/5485852291456598.jpeg
839755    NG/NG-2018-7Z-00001373/4076271492415636.jpeg
839878    NG/NG-2018-7Z-00001373/4153915724630550.jpeg
839830    NG/NG-2018-7Z-00001373/3165331173778195.jpeg
839694    NG/NG-2018-7Z-00001373/4130488227034797.jpeg
839897    NG/NG-2018-7Z-00001373/3798539126910318.jpeg
839906    NG/NG-2018-7Z-00001373/3772889346142588.jpeg
839780    NG/NG-2018-7Z-00001373/3057547487865200.jpeg
839851    NG/NG-2018-7Z-00001373/3970275603053527.jpeg
839749    NG/NG-2018-7Z-00001373/3935239199891913.jpeg
839728    NG/NG-2018-7Z-00001373/3697916190331112.jpeg
839870    NG/NG-2018-7Z-00001373/4111809718878100.jpeg
839797    NG/NG-2018-7Z-00001373/3946745782072529.jpeg
839893    NG/NG-2018-7Z-00001373/4135205746542175.jpeg
839737    NG/NG-2018-7Z-00001373/3652806898164670.jpeg
839709    NG/NG-2018-7Z-00001373/4018105274970484.jpeg
839798    NG/NG-2018-7Z-00001373/3860697430723337.jpeg
839782    NG/NG-2018-7Z-00001373/4096848643671074.jpeg
839785    NG/NG-2018-7Z-00001373/4039523829465273.jpeg
Name: img_path, dtype: object",0.16673574924436202
13,13,UG-2014-7#-00000083,2014,Uganda,"1094251     UG/UG-2014-7#-00000083/495793278288155.jpeg
1094258     UG/UG-2014-7#-00000083/212664283727970.jpeg
1094287     UG/UG-2014-7#-00000083/217713373117293.jpeg
1094255     UG/UG-2014-7#-00000083/624786081813321.jpeg
1094276     UG/UG-2014-7#-00000083/332854848184348.jpeg
1094273     UG/UG-2014-7#-00000083/473979837171848.jpeg
1094253     UG/UG-2014-7#-00000083/913605419404789.jpeg
1094266     UG/UG-2014-7#-00000083/804374907180210.jpeg
1094293     UG/UG-2014-7#-00000083/756225091748270.jpeg
1094250    UG/UG-2014-7#-00000083/3956769267764612.jpeg
1094291     UG/UG-2014-7#-00000083/453682625932514.jpeg
1094264     UG/UG-2014-7#-00000083/482983332821350.jpeg
1094254     UG/UG-2014-7#-00000083/785275432102974.jpeg
1094263    UG/UG-2014-7#-00000083/4296713193686366.jpeg
1094261     UG/UG-2014-7#-00000083/516168976067207.jpeg
1094265     UG/UG-2014-7#-00000083/572169260421439.jpeg
1094275     UG/UG-2014-7#-00000083/309513357216006.jpeg
1094290     UG/UG-2014-7#-00000083/507626187162850.jpeg
1094268     UG/UG-2014-7#-00000083/799119507395318.jpeg
1094260     UG/UG-2014-7#-00000083/476748223657973.jpeg
Name: img_path, dtype: object",-0.4276756736436552
14,14,TZ-2015-7Z-00000533,2015,Tanzania,"1069919    TZ/TZ-2015-7Z-00000533/1955354494624696.jpeg
1062341    TZ/TZ-2015-7Z-00000533/2075461415951516.jpeg
1062356    TZ/TZ-2015-7Z-00000533/2046270605529772.jpeg
1062367    TZ/TZ-2015-7Z-00000533/4083973398292686.jpeg
1062350    TZ/TZ-2015-7Z-00000533/1593694834162670.jpeg
1062342    TZ/TZ-2015-7Z-00000533/1523609937985056.jpeg
1069902    TZ/TZ-2015-7Z-00000533/1984494405022032.jpeg
1062358    TZ/TZ-2015-7Z-00000533/4087463401330868.jpeg
1062352    TZ/TZ-2015-7Z-00000533/1468715243480829.jpeg
1062361    TZ/TZ-2015-7Z-00000533/3867802149941841.jpeg
1069913    TZ/TZ-2015-7Z-00000533/1881414505360703.jpeg
1069909    TZ/TZ-2015-7Z-00000533/2949872981912596.jpeg
1069911    TZ/TZ-2015-7Z-00000533/4085030328216724.jpeg
1062347    TZ/TZ-2015-7Z-00000533/1463561097325876.jpeg
1062360    TZ/TZ-2015-7Z-00000533/2901994566705707.jpeg
1062339    TZ/TZ-2015-7Z-00000533/1434231873585170.jpeg
1069915    TZ/TZ-2015-7Z-00000533/4002791183092519.jpeg
1062354    TZ/TZ-2015-7Z-00000533/1685329881653362.jpeg
1069920    TZ/TZ-2015-7Z-00000533/1191660461273304.jpeg
1069917    TZ/TZ-2015-7Z-00000533/1915122011998027.jpeg
Name: img_path, dtype: object",0.02780787284952004
15,15,SN-2017-7Z-00000070,2017,Senegal,"1019826    SN/SN-2017-7Z-00000070/2896172340621301.jpeg
1019772    SN/SN-2017-7Z-00000070/1341499992911120.jpeg
1019815    SN/SN-2017-7Z-00000070/3575860322639806.jpeg
1019802    SN/SN-2017-7Z-00000070/1317603258636271.jpeg
1019494    SN/SN-2017-7Z-00000070/1493455957659061.jpeg
1019840    SN/SN-2017-7Z-00000070/2842169052712104.jpeg
1019632    SN/SN-2017-7Z-00000070/3948669458554654.jpeg
1019834    SN/SN-2017-7Z-00000070/4042825299115905.jpeg
1019630    SN/SN-2017-7Z-00000070/1198497167274472.jpeg
1019747    SN/SN-2017-7Z-00000070/5704895072868983.jpeg
1019414    SN/SN-2017-7Z-00000070/2302982326504251.jpeg
1019412    SN/SN-2017-7Z-00000070/1755701117948568.jpeg
1019410    SN/SN-2017-7Z-00000070/4066827780034359.jpeg
1019786    SN/SN-2017-7Z-00000070/3718587028267085.jpeg
1019715    SN/SN-2017-7Z-00000070/4143299432413032.jpeg
1019855    SN/SN-2017-7Z-00000070/2912388939033157.jpeg
1019603    SN/SN-2017-7Z-00000070/1577199432475535.jpeg
1019465    SN/SN-2017-7Z-00000070/2625739394385611.jpeg
1019781    SN/SN-2017-7Z-00000070/2344319159033737.jpeg
1019793    SN/SN-2017-7Z-00000070/1515969828754562.jpeg
Name: img_path, dtype: object",0.37998736061258376
16,16,IA-2015-7#-00140549,2015,India,"515361     IA/IA-2015-7#-00140549/285298336587243.jpeg
515418    IA/IA-2015-7#-00140549/2852446731638330.jpeg
515482     IA/IA-2015-7#-00140549/504325814328879.jpeg
515409     IA/IA-2015-7#-00140549/299080208487865.jpeg
515380    IA/IA-2015-7#-00140549/2828645804115180.jpeg
515357     IA/IA-2015-7#-00140549/275059531015572.jpeg
515463    IA/IA-2015-7#-00140549/2814222515574094.jpeg
515416     IA/IA-2015-7#-00140549/169636841633846.jpeg
515221    IA/IA-2015-7#-00140549/2863237080594199.jpeg
515470    IA/IA-2015-7#-00140549/1518787768452458.jpeg
515458     IA/IA-2015-7#-00140549/201994824932862.jpeg
515490    IA/IA-2015-7#-00140549/1833159143520526.jpeg
515460    IA/IA-2015-7#-00140549/2651845788446356.jpeg
515417     IA/IA-2015-7#-00140549/197312795544417.jpeg
515497     IA/IA-2015-7#-00140549/940156626526551.jpeg
515485    IA/IA-2015-7#-00140549/1002355980508103.jpeg
515498     IA/IA-2015-7#-00140549/186583986656424.jpeg
515491     IA/IA-2015-7#-00140549/109175071247178.jpeg
515493     IA/IA-2015-7#-00140549/307378987625503.jpeg
515181    IA/IA-2015-7#-00140549/5529344107135770.jpeg
Name: img_path, dtype: object",0.31176194917655714
17,17,PH-2017-7#-00000656,2017,Philippines,"925657     PH/PH-2017-7#-00000656/523203225514199.jpeg
903281    PH/PH-2017-7#-00000656/2243239989139560.jpeg
903196     PH/PH-2017-7#-00000656/460130491915997.jpeg
903255     PH/PH-2017-7#-00000656/205952784442967.jpeg
903246     PH/PH-2017-7#-00000656/215614983315706.jpeg
903220     PH/PH-2017-7#-00000656/150639360367813.jpeg
903164     PH/PH-2017-7#-00000656/506243250407064.jpeg
925538     PH/PH-2017-7#-00000656/915991689236390.jpeg
903131     PH/PH-2017-7#-00000656/477805410165211.jpeg
925612     PH/PH-2017-7#-00000656/802324730689696.jpeg
925599     PH/PH-2017-7#-00000656/346340093630271.jpeg
925603     PH/PH-2017-7#-00000656/479100373417394.jpeg
925507    PH/PH-2017-7#-00000656/3040157182974791.jpeg
903107     PH/PH-2017-7#-00000656/229117162300732.jpeg
903289    PH/PH-2017-7#-00000656/1220603435009630.jpeg
925558    PH/PH-2017-7#-00000656/2804774563106243.jpeg
903145     PH/PH-2017-7#-00000656/585851509059921.jpeg
903175     PH/PH-2017-7#-00000656/486551586029264.jpeg
925607     PH/PH-2017-7#-00000656/142553204444844.jpeg
925505    PH/PH-2017-7#-00000656/4160429460670468.jpeg
Name: img_path, dtype: object",0.45674470977902726
18,18,KE-2014-7#-00001293,2014,Kenya,"697633     KE/KE-2014-7#-00001293/807070303527065.jpeg
697616    KE/KE-2014-7#-00001293/1456945067985423.jpeg
697609     KE/KE-2014-7#-00001293/131988752298650.jpeg
697543    KE/KE-2014-7#-00001293/3020480538238815.jpeg
697615    KE/KE-2014-7#-00001293/2830524737276529.jpeg
697619     KE/KE-2014-7#-00001293/810357006578078.jpeg
697631    KE/KE-2014-7#-00001293/1444857209186203.jpeg
697636    KE/KE-2014-7#-00001293/3918205238293430.jpeg
697575     KE/KE-2014-7#-00001293/789257748646511.jpeg
697632     KE/KE-2014-7#-00001293/536971390626751.jpeg
697640     KE/KE-2014-7#-00001293/390935162005592.jpeg
697538     KE/KE-2014-7#-00001293/566680287644473.jpeg
697635    KE/KE-2014-7#-00001293/1009817786091604.jpeg
697634     KE/KE-2014-7#-00001293/829839954285805.jpeg
697626     KE/KE-2014-7#-00001293/378772083437441.jpeg
697612     KE/KE-2014-7#-00001293/398670531548540.jpeg
697591     KE/KE-2014-7#-00001293/297529225196311.jpeg
697629    KE/KE-2014-7#-00001293/1081471332340645.jpeg
697597    KE/KE-2014-7#-00001293/1286035548499649.jpeg
697558     KE/KE-2014-7#-00001293/784919525482411.jpeg
Name: img_path, dtype: object",-0.5708521515474685
19,19,IA-2015-7#-00250318,2015,India,"619777    IA/IA-2015-7#-00250318/1188576118257761.jpeg
619795    IA/IA-2015-7#-00250318/2893744234246299.jpeg
619803     IA/IA-2015-7#-00250318/844218952836464.jpeg
619800     IA/IA-2015-7#-00250318/794838974499732.jpeg
619807     IA/IA-2015-7#-00250318/896710757566998.jpeg
619806     IA/IA-2015-7#-00250318/836184600441955.jpeg
619816     IA/IA-2015-7#-00250318/901072174081058.jpeg
619804    IA/IA-2015-7#-00250318/4014877025267907.jpeg
619775    IA/IA-2015-7#-00250318/1417933765209288.jpeg
619819     IA/IA-2015-7#-00250318/930067294473424.jpeg
619794    IA/IA-2015-7#-00250318/4007179866042496.jpeg
619785    IA/IA-2015-7#-00250318/4052620761460674.jpeg
619810     IA/IA-2015-7#-00250318/939998063439306.jpeg
619784    IA/IA-2015-7#-00250318/4052086164857899.jpeg
619827    IA/IA-2015-7#-00250318/1180605565708946.jpeg
619814     IA/IA-2015-7#-00250318/829521317671608.jpeg
619783    IA/IA-2015-7#-00250318/4202095533137034.jpeg
619823     IA/IA-2015-7#-00250318/836442343623018.jpeg
619780    IA/IA-2015-7#-00250318/1414710142216062.jpeg
619822    IA/IA-2015-7#-00250318/1056919244836884.jpeg
Name: img_path, dtype: object",0.5503827364137558
